Tree Node ID,Tree Node Label
magid_2029527003_3,1
magid_2035918000_1,0
magid_2035918003_3,1
magid_2044078007_4,0
magid_2049941000_74,1
magid_2061766007_49,1
magid_2065487014_2,0
magid_2084038008_1,1
magid_2225789004_15,0
magid_2228664000_9,0
magid_2236876025_8,0
magid_3300000036_3,0
magid_3300000059_15,0
magid_3300000062_46,0
magid_3300000838_1,1
magid_3300000839_23,0
magid_3300001477_3,0
magid_3300001484_5,1
magid_3300001598_28,0
magid_3300001919_2,1
magid_3300002155_1,0
magid_3300002185_6,1
magid_3300002308_9,0
magid_3300002462_32,0
magid_3300002501_6,0
magid_3300002504_10,1
magid_3300002509_6,1
magid_3300002834_2,1
magid_3300002931_12,0
magid_3300002934_4,0
magid_3300003109_1,1
magid_3300003140_7,0
magid_3300003146_19,0
magid_3300003523_34,0
magid_3300004625_4,0
magid_3300005262_10,1
magid_3300005272_1,0
magid_3300005289_17,0
magid_3300005460_70,0
magid_3300005562_6,0
magid_3300005661_7,1
magid_3300005721_7,1
magid_3300005985_22,0
magid_3300006020_6,1
magid_3300006038_13,0
magid_3300006045_69,0
magid_3300006051_11,0
magid_3300006177_14,0
magid_3300006186_13,0
magid_3300006195_11,0
magid_3300006212_1,0
magid_3300006215_1,0
magid_3300006226_79,1
magid_3300006237_14,0
magid_3300006238_2,1
magid_3300006242_1,0
magid_3300006243_4,1
magid_3300006244_1,0
magid_3300006245_1,0
magid_3300006246_1,1
magid_3300006247_21,0
magid_3300006248_2,1
magid_3300006249_13,0
magid_3300006250_9,1
magid_3300006251_2,1
magid_3300006252_1,1
magid_3300006253_43,0
magid_3300006254_5,0
magid_3300006255_9,1
magid_3300006256_21,0
magid_3300006257_9,1
magid_3300006258_11,1
magid_3300006259_20,1
magid_3300006260_11,0
magid_3300006261_1,0
magid_3300006262_9,1
magid_3300006284_3,1
magid_3300006286_1,0
magid_3300006288_3,1
magid_3300006289_8,1
magid_3300006290_4,0
magid_3300006292_11,0
magid_3300006294_1,0
magid_3300006295_4,0
magid_3300006296_4,1
magid_3300006297_2,0
magid_3300006298_6,1
magid_3300006299_2,0
magid_3300006307_5,0
magid_3300006312_6,1
magid_3300006317_10,0
magid_3300006319_8,0
magid_3300006320_37,0
magid_3300006321_10,1
magid_3300006322_3,0
magid_3300006328_9,0
magid_3300006333_11,1
magid_3300006348_8,1
magid_3300006353_11,0
magid_3300006429_2,0
magid_3300006441_2,0
magid_3300006456_6,1
magid_3300006458_6,0
magid_3300006459_4,0
magid_3300006460_23,0
magid_3300006461_3,0
magid_3300006462_6,1
magid_3300006463_18,1
magid_3300006464_40,1
magid_3300006476_3,1
magid_3300006477_14,1
magid_3300006479_11,0
magid_3300006487_4,0
magid_3300006488_8,0
magid_3300006491_1,0
magid_3300006498_18,0
magid_3300006499_23,0
magid_3300006501_1,1
magid_3300006502_7,0
magid_3300006510_1,0
magid_3300006522_4,0
magid_3300006523_9,1
magid_3300006524_40,0
magid_3300006525_18,1
magid_3300006560_1,1
magid_3300006564_20,1
magid_3300006566_25,0
magid_3300006568_5,0
magid_3300006676_2,0
magid_3300006677_1,0
magid_3300006678_6,0
magid_3300006722_6,0
magid_3300006723_1,0
magid_3300006725_1,1
magid_3300006739_5,0
magid_3300006740_1,0
magid_3300006742_5,0
magid_3300006743_9,1
magid_3300006744_9,0
magid_3300006745_3,0
magid_3300006746_4,0
magid_3300006747_8,1
magid_3300006748_16,0
magid_3300006832_7,1
magid_3300006836_1,0
magid_3300006844_34,0
magid_3300006846_13,0
magid_3300006847_27,1
magid_3300006854_57,0
magid_3300006877_1,0
magid_3300006880_18,0
magid_3300006898_1,1
magid_3300006931_17,0
magid_3300006979_1,0
magid_3300006980_1,1
magid_3300006991_1,1
magid_3300006995_1,0
magid_3300007002_2,0
magid_3300007024_1,1
magid_3300007034_1,1
magid_3300007035_7,0
magid_3300007039_3,0
magid_3300007042_1,1
magid_3300007043_6,1
magid_3300007047_3,0
magid_3300007052_3,0
magid_3300007054_5,1
magid_3300007055_1,1
magid_3300007062_3,0
magid_3300007065_3,1
magid_3300007067_6,0
magid_3300007068_7,0
magid_3300007079_4,1
magid_3300007080_6,0
magid_3300007083_3,1
magid_3300007091_4,0
magid_3300007093_7,0
magid_3300007095_5,1
magid_3300007096_6,1
magid_3300007097_3,1
magid_3300007098_2,1
magid_3300007100_18,0
magid_3300007104_1,0
magid_3300007105_6,0
magid_3300007107_20,1
magid_3300007108_7,0
magid_3300007109_9,0
magid_3300007111_8,1
magid_3300007119_20,0
magid_3300007120_2,0
magid_3300007121_18,0
magid_3300007123_21,0
magid_3300007124_10,0
magid_3300007125_28,0
magid_3300007126_5,0
magid_3300007127_1,1
magid_3300007128_8,0
magid_3300007129_6,0
magid_3300007131_3,1
magid_3300007132_4,0
magid_3300007135_12,0
magid_3300007139_3,1
magid_3300007140_3,0
magid_3300007141_3,1
magid_3300007142_4,0
magid_3300007145_1,1
magid_3300007184_24,0
magid_3300007186_5,1
magid_3300007188_9,0
magid_3300007190_5,0
magid_3300007192_6,0
magid_3300007194_6,0
magid_3300007196_8,0
magid_3300007204_8,1
magid_3300007206_13,0
magid_3300007208_6,1
magid_3300007210_22,0
magid_3300007220_16,0
magid_3300007222_30,1
magid_3300007259_1,1
magid_3300007262_4,1
magid_3300007268_1,0
magid_3300007270_5,0
magid_3300007272_19,0
magid_3300007285_4,1
magid_3300007288_8,1
magid_3300007292_5,1
magid_3300007294_4,0
magid_3300007295_17,0
magid_3300007296_21,1
magid_3300007297_9,0
magid_3300007298_17,1
magid_3300007299_18,0
magid_3300007300_9,1
magid_3300007302_1,1
magid_3300007303_1,1
magid_3300007305_17,1
magid_3300007307_2,1
magid_3300007311_2,1
magid_3300007312_5,0
magid_3300007313_1,0
magid_3300007314_6,0
magid_3300007315_11,0
magid_3300007316_16,0
magid_3300007317_7,1
magid_3300007318_4,1
magid_3300007320_6,0
magid_3300007335_20,1
magid_3300007339_7,0
magid_3300007347_9,0
magid_3300007348_10,0
magid_3300007353_4,1
magid_3300007355_11,0
magid_3300007356_12,1
magid_3300007357_5,0
magid_3300007358_11,0
magid_3300007360_9,0
magid_3300007361_24,1
magid_3300007362_13,0
magid_3300007364_1,0
magid_3300007366_1,1
magid_3300007368_5,0
magid_3300007497_7,0
magid_3300007498_15,0
magid_3300007499_5,0
magid_3300007500_43,0
magid_3300007501_21,0
magid_3300007502_9,1
magid_3300007524_12,0
magid_3300007525_5,0
magid_3300007527_11,0
magid_3300007530_2,1
magid_3300007531_11,0
magid_3300007566_20,0
magid_3300007638_9,0
magid_3300007641_11,0
magid_3300007646_13,1
magid_3300007648_4,0
magid_3300007650_12,1
magid_3300007654_21,1
magid_3300007657_9,1
magid_3300007659_5,0
magid_3300007660_1,1
magid_3300007662_5,1
magid_3300007664_12,1
magid_3300007666_9,0
magid_3300007669_8,1
magid_3300007705_14,0
magid_3300007711_7,0
magid_3300007713_5,1
magid_3300007714_15,0
magid_3300007717_5,1
magid_3300007724_38,0
magid_3300007728_6,1
magid_3300007732_6,1
magid_3300007736_5,0
magid_3300007742_6,0
magid_3300007746_1,0
magid_3300007753_11,0
magid_3300007774_1,1
magid_3300007780_1,0
magid_3300007781_1,1
magid_3300007782_4,1
magid_3300007783_6,0
magid_3300007786_2,0
magid_3300007787_1,1
magid_3300007791_3,0
magid_3300007792_2,1
magid_3300007793_5,1
magid_3300007794_8,1
magid_3300007795_5,0
magid_3300007796_19,0
magid_3300007797_13,1
magid_3300007798_14,1
magid_3300007800_1,0
magid_3300007801_6,1
magid_3300007802_12,1
magid_3300007803_9,1
magid_3300007804_6,1
magid_3300007805_16,1
magid_3300007806_5,0
magid_3300007825_4,0
magid_3300007826_1,1
magid_3300007838_1,1
magid_3300007841_1,0
magid_3300007843_1,1
magid_3300007853_2,1
magid_3300007855_1,1
magid_3300007859_1,1
magid_3300007866_1,0
magid_3300007868_2,0
magid_3300007869_1,1
magid_3300007874_2,0
magid_3300007878_3,0
magid_3300007883_1,0
magid_3300007884_1,0
magid_3300007888_2,0
magid_3300007892_1,0
magid_3300007897_2,0
magid_3300007903_1,1
magid_3300007912_3,0
magid_3300007915_3,1
magid_3300007916_1,1
magid_3300007919_1,1
magid_3300007921_6,0
magid_3300007924_20,1
magid_3300007925_5,0
magid_3300007928_1,1
magid_3300007929_1,1
magid_3300007931_5,0
magid_3300007932_5,0
magid_3300007934_1,1
magid_3300007936_1,1
magid_3300007940_11,0
magid_3300007942_4,0
magid_3300007943_4,0
magid_3300007946_2,0
magid_3300007949_2,1
magid_3300007950_5,0
magid_3300007966_22,0
magid_3300007968_7,1
magid_3300007969_2,1
magid_3300007975_1,1
magid_3300007976_20,1
magid_3300007977_5,0
magid_3300007978_11,0
magid_3300007979_15,0
magid_3300007980_4,0
magid_3300007991_24,1
magid_3300007993_7,0
magid_3300007994_5,0
magid_3300007996_9,1
magid_3300007997_13,1
magid_3300008056_2,1
magid_3300008057_1,1
magid_3300008058_7,0
magid_3300008059_2,0
magid_3300008060_3,0
magid_3300008061_2,1
magid_3300008063_2,0
magid_3300008068_1,1
magid_3300008073_3,0
magid_3300008074_6,0
magid_3300008075_3,1
magid_3300008077_14,1
magid_3300008078_7,0
magid_3300008079_7,1
magid_3300008080_13,0
magid_3300008081_21,1
magid_3300008082_9,0
magid_3300008083_5,1
magid_3300008089_8,0
magid_3300008090_6,1
magid_3300008091_27,0
magid_3300008096_19,0
magid_3300008098_26,0
magid_3300008099_3,1
magid_3300008100_12,1
magid_3300008101_41,0
magid_3300008102_3,0
magid_3300008103_22,1
magid_3300008104_3,0
magid_3300008123_29,0
magid_3300008124_1,1
magid_3300008125_24,0
magid_3300008126_17,0
magid_3300008127_6,0
magid_3300008128_1,0
magid_3300008129_11,0
magid_3300008130_17,0
magid_3300008131_3,0
magid_3300008132_14,1
magid_3300008133_14,0
magid_3300008134_7,1
magid_3300008135_6,0
magid_3300008136_21,1
magid_3300008138_11,0
magid_3300008139_29,0
magid_3300008140_7,0
magid_3300008141_4,1
magid_3300008142_28,0
magid_3300008143_22,0
magid_3300008144_19,0
magid_3300008147_10,0
magid_3300008148_10,0
magid_3300008149_7,1
magid_3300008150_19,1
magid_3300008152_22,1
magid_3300008153_12,0
magid_3300008154_11,1
magid_3300008155_11,0
magid_3300008159_3,0
magid_3300008160_10,0
magid_3300008161_11,1
magid_3300008260_7,0
magid_3300008268_18,0
magid_3300008269_26,0
magid_3300008270_4,0
magid_3300008271_16,1
magid_3300008272_28,1
magid_3300008273_18,1
magid_3300008274_8,0
magid_3300008275_9,1
magid_3300008277_3,1
magid_3300008278_16,0
magid_3300008279_5,1
magid_3300008280_4,1
magid_3300008281_11,1
magid_3300008282_23,1
magid_3300008283_18,0
magid_3300008299_26,0
magid_3300008300_2,0
magid_3300008301_9,1
magid_3300008302_4,0
magid_3300008304_7,0
magid_3300008305_2,0
magid_3300008306_2,1
magid_3300008325_3,1
magid_3300008326_13,1
magid_3300008328_12,0
magid_3300008330_3,0
magid_3300008333_15,0
magid_3300008334_3,0
magid_3300008335_6,1
magid_3300008337_2,0
magid_3300008341_4,0
magid_3300008345_10,0
magid_3300008346_11,0
magid_3300008347_9,1
magid_3300008348_1,1
magid_3300008349_1,0
magid_3300008350_6,1
magid_3300008351_1,1
magid_3300008360_8,1
magid_3300008361_3,1
magid_3300008362_16,0
magid_3300008363_10,1
magid_3300008364_4,0
magid_3300008381_1,0
magid_3300008382_3,1
magid_3300008383_9,1
magid_3300008384_1,0
magid_3300008385_5,0
magid_3300008403_10,0
magid_3300008404_7,1
magid_3300008405_8,0
magid_3300008406_17,0
magid_3300008408_10,1
magid_3300008412_6,0
magid_3300008413_1,0
magid_3300008414_2,0
magid_3300008415_7,1
magid_3300008418_13,0
magid_3300008419_1,1
magid_3300008420_1,1
magid_3300008421_13,0
magid_3300008431_1,1
magid_3300008432_2,0
magid_3300008436_2,0
magid_3300008454_18,0
magid_3300008461_6,1
magid_3300008472_16,0
magid_3300008474_4,0
magid_3300008478_5,1
magid_3300008479_8,1
magid_3300008480_30,0
magid_3300008481_18,1
magid_3300008482_8,1
magid_3300008483_5,1
magid_3300008485_4,0
magid_3300008486_14,0
magid_3300008489_11,0
magid_3300008490_9,0
magid_3300008491_16,1
magid_3300008492_1,0
magid_3300008493_7,0
magid_3300008494_1,0
magid_3300008496_20,1
magid_3300008497_3,1
magid_3300008499_8,0
magid_3300008500_2,1
magid_3300008501_1,0
magid_3300008502_31,0
magid_3300008503_9,0
magid_3300008504_7,0
magid_3300008505_4,0
magid_3300008506_24,1
magid_3300008512_9,0
magid_3300008513_13,0
magid_3300008514_12,1
magid_3300008515_8,1
magid_3300008518_35,0
magid_3300008520_5,1
magid_3300008521_11,0
magid_3300008522_10,0
magid_3300008523_17,0
magid_3300008524_11,0
magid_3300008534_9,0
magid_3300008537_19,0
magid_3300008541_7,0
magid_3300008547_10,1
magid_3300008551_12,1
magid_3300008556_11,0
magid_3300008565_5,0
magid_3300008571_10,1
magid_3300008575_15,1
magid_3300008581_9,0
magid_3300008585_11,0
magid_3300008589_2,1
magid_3300008593_1,0
magid_3300008594_7,1
magid_3300008599_11,1
magid_3300008611_5,0
magid_3300008615_5,1
magid_3300008616_1,0
magid_3300008617_5,1
magid_3300008618_3,0
magid_3300008619_2,0
magid_3300008620_6,0
magid_3300008621_20,0
magid_3300008622_11,0
magid_3300008623_1,0
magid_3300008626_4,0
magid_3300008628_6,1
magid_3300008630_4,1
magid_3300008634_38,0
magid_3300008635_11,1
magid_3300008636_22,1
magid_3300008638_17,0
magid_3300008639_30,0
magid_3300008640_8,1
magid_3300008643_2,1
magid_3300008645_4,0
magid_3300008650_4,1
magid_3300008657_3,0
magid_3300008660_6,0
magid_3300008664_3,1
magid_3300008668_4,1
magid_3300008672_9,0
magid_3300008676_12,1
magid_3300008679_8,1
magid_3300008680_6,0
magid_3300008682_3,1
magid_3300008688_9,0
magid_3300008695_7,0
magid_3300008700_3,0
magid_3300008705_11,0
magid_3300008708_1,0
magid_3300008709_2,0
magid_3300008711_1,1
magid_3300008712_11,0
magid_3300008714_3,0
magid_3300008715_18,0
magid_3300008716_5,0
magid_3300008717_10,1
magid_3300008722_3,1
magid_3300008725_13,0
magid_3300008726_4,0
magid_3300008727_1,0
magid_3300008728_23,1
magid_3300008729_3,0
magid_3300008732_11,1
magid_3300008733_8,0
magid_3300008734_4,0
magid_3300008737_7,0
magid_3300008739_36,1
magid_3300008742_14,0
magid_3300008743_5,1
magid_3300008744_19,1
magid_3300008745_16,0
magid_3300008746_5,0
magid_3300008747_17,1
magid_3300008748_12,1
magid_3300008749_5,0
magid_3300008750_6,0
magid_3300008751_3,1
magid_3300008754_18,1
magid_3300008755_16,0
magid_3300008756_3,1
magid_3300009040_3,0
magid_3300009100_31,0
magid_3300009144_4,1
magid_3300009147_36,1
magid_3300009156_35,0
magid_3300009343_4,1
magid_3300009363_20,1
magid_3300009381_8,0
magid_3300009393_18,0
magid_3300009697_10,0
magid_3300009701_11,1
magid_3300009709_46,1
magid_3300009784_28,1
magid_3300009787_35,1
magid_3300009826_47,0
magid_3300009994_1,1
magid_3300010049_48,1
magid_3300010162_57,0
magid_3300010167_163,1
magid_3300010375_27,0
magid_3300010395_11,0
magid_3300010882_41,0
magid_3300011343_1,0
magid_3300011344_1,0
magid_3300011345_1,1
magid_3300011346_1,0
magid_3300011348_1,1
magid_3300011392_7,0
magid_3300011396_2,0
magid_3300011404_8,0
magid_3300011411_1,0
magid_3300011418_14,0
magid_3300011819_3,1
magid_3300011844_1,0
magid_3300011891_2,1
magid_3300011893_2,1
magid_3300011909_3,1
magid_3300011914_8,0
magid_3300011925_2,0
magid_3300011928_2,0
magid_3300011933_5,0
magid_3300011936_12,0
magid_3300011967_7,0
magid_3300011970_11,0
magid_3300011972_9,0
magid_3300011973_2,0
magid_3300011974_20,0
magid_3300011976_22,0
magid_3300011977_24,0
magid_3300011978_13,0
magid_3300011979_4,1
magid_3300011980_18,1
magid_3300011981_15,0
magid_3300011985_19,0
magid_3300011986_16,0
magid_3300011988_12,0
magid_3300011989_31,1
magid_3300011990_9,0
magid_3300012007_27,0
magid_3300012016_8,0
magid_3300012055_3,0
magid_3300012059_9,0
magid_3300012060_4,1
magid_3300012067_6,1
magid_3300012074_2,0
magid_3300012075_12,1
magid_3300012077_7,1
magid_3300012078_11,1
magid_3300012079_26,0
magid_3300012080_12,0
magid_3300012081_8,0
magid_3300012082_6,0
magid_3300012083_9,1
magid_3300012085_6,1
magid_3300012086_6,1
magid_3300012087_4,0
magid_3300012088_12,0
magid_3300012089_5,0
magid_3300012090_19,1
magid_3300012095_4,0
magid_3300012097_4,1
magid_3300012098_5,0
magid_3300012099_3,0
magid_3300012100_6,0
magid_3300012112_3,1
magid_3300012117_2,1
magid_3300012119_1,0
magid_3300012125_5,1
magid_3300012126_3,0
magid_3300012131_2,0
magid_3300012135_4,0
magid_3300012136_4,1
magid_3300012138_5,0
magid_3300012139_2,1
magid_3300012141_10,0
magid_3300012144_11,0
magid_3300012148_9,1
magid_3300012149_4,0
magid_3300012151_17,0
magid_3300012153_6,0
magid_3300012155_6,0
magid_3300012156_10,0
magid_3300012158_5,0
magid_3300012165_16,0
magid_3300012169_1,1
magid_3300012177_6,1
magid_3300012181_3,0
magid_3300012214_1,1
magid_3300012216_1,0
magid_3300012238_3,0
magid_3300012291_1,1
magid_3300012295_1,0
magid_3300012297_1,0
magid_3300012298_1,0
magid_3300012312_1,0
magid_3300012314_1,1
magid_3300012319_1,0
magid_3300012324_1,0
magid_3300012330_2,0
magid_3300012425_1,1
magid_3300012428_1,0
magid_3300012432_1,0
magid_3300012433_1,0
magid_3300012434_1,0
magid_3300012437_2,0
magid_3300012451_2,0
magid_3300012458_1,0
magid_3300012462_1,0
magid_3300012464_1,0
magid_3300012466_1,1
magid_3300012497_1,0
magid_3300012535_1,1
magid_3300012538_1,1
magid_3300012539_1,1
magid_3300012541_1,0
magid_3300012542_1,0
magid_3300012544_1,1
magid_3300012545_1,0
magid_3300012549_1,0
magid_3300012551_1,0
magid_3300012553_1,0
magid_3300012555_1,0
magid_3300012556_1,0
magid_3300012564_1,0
magid_3300012567_1,0
magid_3300012572_2,0
magid_3300012573_1,0
magid_3300012574_1,0
magid_3300012578_2,0
magid_3300012579_3,0
magid_3300012581_1,0
magid_3300012586_1,0
magid_3300012587_1,0
magid_3300012589_1,0
magid_3300012593_1,0
magid_3300012604_1,0
magid_3300012605_2,0
magid_3300012606_1,1
magid_3300012617_2,0
magid_3300012622_2,1
magid_3300012627_1,0
magid_3300012635_1,0
magid_3300012639_1,0
magid_3300012640_1,0
magid_3300012659_1,0
magid_3300012661_3,1
magid_3300012677_9,0
magid_3300012973_23,0
magid_3300012974_16,0
magid_3300012979_38,0
magid_3300012983_8,1
magid_3300012995_6,1
magid_3300012996_7,0
magid_3300012998_6,1
magid_3300012999_23,1
magid_3300013000_7,0
magid_3300013022_5,0
magid_3300013023_11,0
magid_3300013025_17,0
magid_3300013100_20,0
magid_3300013102_17,1
magid_3300013104_57,0
magid_3300013105_19,1
magid_3300013140_1,0
magid_3300013143_1,0
magid_3300013145_2,0
magid_3300013147_1,1
magid_3300013149_1,0
magid_3300013151_1,0
magid_3300013159_1,0
magid_3300013164_2,0
magid_3300013168_1,1
magid_3300013171_1,0
magid_3300013174_2,0
magid_3300013182_8,0
magid_3300013185_1,1
magid_3300013187_1,1
magid_3300013189_2,0
magid_3300013190_3,0
magid_3300013191_2,0
magid_3300013192_2,0
magid_3300013194_1,0
magid_3300013199_1,0
magid_3300013200_1,0
magid_3300013201_1,0
magid_3300013202_2,0
magid_3300013203_2,0
magid_3300013205_1,1
magid_3300013206_1,0
magid_3300013209_1,0
magid_3300013211_1,0
magid_3300013213_1,1
magid_3300013215_1,0
magid_3300013216_1,0
magid_3300013219_1,0
magid_3300013224_1,1
magid_3300013225_1,1
magid_3300013226_1,0
magid_3300013227_1,1
magid_3300013228_1,1
magid_3300013234_2,1
magid_3300013236_1,0
magid_3300013238_1,1
magid_3300013239_1,0
magid_3300013245_2,0
magid_3300013265_1,0
magid_3300013266_1,1
magid_3300013271_1,1
magid_3300013272_1,1
magid_3300013273_1,0
magid_3300013276_4,1
magid_3300013277_1,1
magid_3300013278_1,1
magid_3300013296_25,0
magid_3300013306_16,0
magid_3300013307_26,1
magid_3300013308_19,1
magid_3300013318_2,0
magid_3300013323_1,0
magid_3300013324_1,0
magid_3300013326_1,0
magid_3300013328_1,0
magid_3300013329_1,0
magid_3300013330_1,0
magid_3300013332_1,0
magid_3300013350_1,1
magid_3300013389_1,1
magid_3300013405_1,0
magid_3300013406_1,1
magid_3300013407_1,0
magid_3300013410_1,0
magid_3300013412_1,0
magid_3300013425_1,0
magid_3300013435_1,1
magid_3300013439_1,1
magid_3300013442_1,0
magid_3300013443_1,0
magid_3300013499_5,0
magid_3300013563_1,1
magid_3300013570_1,0
magid_3300013583_1,1
magid_3300013594_1,0
magid_3300013610_1,0
magid_3300013620_1,0
magid_3300013625_1,0
magid_3300013627_1,0
magid_3300013637_2,0
magid_3300013647_1,1
magid_3300013650_1,0
magid_3300013663_1,0
magid_3300013668_1,0
magid_3300013670_1,0
magid_3300013677_1,0
magid_3300013687_2,0
magid_3300013710_1,0
magid_3300013715_2,0
magid_3300013742_1,0
magid_3300013748_1,0
magid_3300013749_4,0
magid_3300013751_17,0
magid_3300013752_5,1
magid_3300013753_7,0
magid_3300013816_2,0
magid_3300013830_18,0
magid_3300013899_3,1
magid_3300013900_2,1
magid_3300013909_1,0
magid_3300013915_2,0
magid_3300013938_1,0
magid_3300013940_10,1
magid_3300013942_1,1
magid_3300013946_5,1
magid_3300013958_6,1
magid_3300014024_8,0
magid_3300014025_11,1
magid_3300014026_14,1
magid_3300014028_4,1
magid_3300014037_18,0
magid_3300014038_14,0
magid_3300014040_7,1
magid_3300014043_11,0
magid_3300014057_18,0
magid_3300014088_1,1
magid_3300014090_1,0
magid_3300014096_2,0
magid_3300014108_2,1
magid_3300014109_13,0
magid_3300014131_2,0
magid_3300014132_2,1
magid_3300014135_6,0
magid_3300014137_8,0
magid_3300014140_8,0
magid_3300014196_10,0
magid_3300014290_7,0
magid_3300014291_5,0
magid_3300014292_8,0
magid_3300014293_8,1
magid_3300014325_9,0
magid_3300014326_7,1
magid_3300014356_1,1
magid_3300014358_2,0
magid_3300014497_10,0
magid_3300014503_1,1
magid_3300014505_3,0
magid_3300014507_4,0
magid_3300014510_1,1
magid_3300014511_3,1
magid_3300014512_3,1
magid_3300014513_2,1
magid_3300014514_2,1
magid_3300014515_2,1
magid_3300014516_6,1
magid_3300014519_5,1
magid_3300014520_5,1
magid_3300014521_5,1
magid_3300014522_3,1
magid_3300014523_2,1
magid_3300014525_3,0
magid_3300014527_4,0
magid_3300014528_6,1
magid_3300014529_12,1
magid_3300014530_10,0
magid_3300014531_13,0
magid_3300014532_5,0
magid_3300014533_5,1
magid_3300014534_8,1
magid_3300014535_7,1
magid_3300014536_3,0
magid_3300014537_4,1
magid_3300014538_2,1
magid_3300014539_11,1
magid_3300014540_3,1
magid_3300014541_6,1
magid_3300014542_5,0
magid_3300014543_9,0
magid_3300014544_6,0
magid_3300014545_4,0
magid_3300014546_9,1
magid_3300014547_5,0
magid_3300014548_11,0
magid_3300014549_6,1
magid_3300014551_10,0
magid_3300014552_11,1
magid_3300014553_6,1
magid_3300014554_8,0
magid_3300014555_5,0
magid_3300014556_4,1
magid_3300014557_8,0
magid_3300014558_2,0
magid_3300014559_9,0
magid_3300014560_3,0
magid_3300014561_4,1
magid_3300014562_7,1
magid_3300014563_10,1
magid_3300014564_18,0
magid_3300014565_12,1
magid_3300014566_7,1
magid_3300014570_13,1
magid_3300014571_9,0
magid_3300014572_4,1
magid_3300014573_5,1
magid_3300014583_1,1
magid_3300014594_2,1
magid_3300014597_2,1
magid_3300014614_1,1
magid_3300014620_1,0
magid_3300014651_1,0
magid_3300014696_4,0
magid_3300014703_4,0
magid_3300014709_4,0
magid_3300014712_3,0
magid_3300014719_1,0
magid_3300014721_1,1
magid_3300014722_1,1
magid_3300014731_5,1
magid_3300014737_3,1
magid_3300014739_3,1
magid_3300014744_3,1
magid_3300014747_4,1
magid_3300014748_5,0
magid_3300014749_10,0
magid_3300014750_2,1
magid_3300014751_9,0
magid_3300014752_10,0
magid_3300014754_6,1
magid_3300014755_13,0
magid_3300014757_5,1
magid_3300014760_11,0
magid_3300014761_7,1
magid_3300014762_3,1
magid_3300014764_8,0
magid_3300014766_7,0
magid_3300014767_5,1
magid_3300014769_10,0
magid_3300014771_15,0
magid_3300014776_6,0
magid_3300014778_15,1
magid_3300014780_5,1
magid_3300014781_5,1
magid_3300014782_5,1
magid_3300014783_6,0
magid_3300014784_5,0
magid_3300014785_4,0
magid_3300014787_12,1
magid_3300014788_11,1
magid_3300014789_12,1
magid_3300014790_9,1
magid_3300014791_7,1
magid_3300014792_9,0
magid_3300014793_5,1
magid_3300014794_12,0
magid_3300014797_4,1
magid_3300014798_6,1
magid_3300014799_9,1
magid_3300014800_3,0
magid_3300014802_17,0
magid_3300014803_4,1
magid_3300014804_6,1
magid_3300014806_12,1
magid_3300014807_10,1
magid_3300014808_6,1
magid_3300014815_16,0
magid_3300014824_27,1
magid_3300014846_9,0
magid_3300014890_1,1
magid_3300014893_2,0
magid_3300014895_3,1
magid_3300014896_3,1
magid_3300014902_3,1
magid_3300014916_8,0
magid_3300014917_4,0
magid_3300014919_3,0
magid_3300014921_2,1
magid_3300014922_7,0
magid_3300014925_1,1
magid_3300014927_12,0
magid_3300014928_3,0
magid_3300014931_1,0
magid_3300014934_6,1
magid_3300014935_10,1
magid_3300014936_11,1
magid_3300014937_5,1
magid_3300014938_6,1
magid_3300014939_4,1
magid_3300014940_5,0
magid_3300014941_5,1
magid_3300014943_6,1
magid_3300014944_9,1
magid_3300014946_5,1
magid_3300014947_7,0
magid_3300014948_5,1
magid_3300014949_8,1
magid_3300014950_10,1
magid_3300014951_10,0
magid_3300014952_10,0
magid_3300014953_14,1
magid_3300014954_11,1
magid_3300014955_5,1
magid_3300014956_9,1
magid_3300014958_5,0
magid_3300014963_56,1
magid_3300014964_39,1
magid_3300014968_13,1
magid_3300014969_9,1
magid_3300014970_8,1
magid_3300014971_21,0
magid_3300014972_3,1
magid_3300015207_27,1
magid_3300015265_4,0
magid_3300018427_70,0
magid_3300018430_55,0
magid_3300018475_162,1
magid_3300018878_112,0
magid_3300019371_8,1
magid_3300019372_4,1
magid_3300019373_27,1
magid_3300019374_21,0
magid_3300019375_17,0
magid_3300019376_24,1
magid_3300020079_9,1
magid_3300020128_6,1
magid_3300020137_8,0
magid_3300020138_1,0
magid_3300020144_12,0
magid_3300020148_10,0
magid_3300020149_4,0
magid_3300021254_48,0
magid_3300021255_79,0
magid_3300021256_56,0
magid_3300021279_5,0
magid_3300021285_6,1
magid_3300021288_5,0
magid_3300021295_4,0
magid_3300021300_5,0
magid_3300021301_5,0
magid_3300021306_17,1
magid_3300021310_7,1
magid_3300021311_23,0
magid_3300021318_9,1
magid_3300021319_7,0
magid_3300021326_13,0
magid_3300021358_3,0
magid_3300021361_9,1
magid_3300021384_9,1
magid_3300021387_38,1
magid_3300021388_4,0
magid_3300021399_28,0
magid_3300021400_94,0
magid_3300021426_35,1
magid_3300021431_50,1
magid_3300021540_2,1
magid_3300021541_2,1
magid_3300022377_6,0
magid_3300022401_4,1
magid_3300022660_101,0
magid_3300022661_91,0
magid_3300022736_3,0
magid_3300022738_2,1
magid_3300022739_2,1
magid_3300022740_1,1
magid_3300022741_8,1
magid_3300022742_10,1
magid_3300022753_72,0
magid_3300022823_5,0
magid_3300023022_1,0
magid_3300023032_1,0
magid_3300023034_1,0
magid_3300023039_1,1
magid_3300023044_2,0
magid_3300023047_2,0
magid_3300023111_2,0
magid_3300023225_8,1
magid_3300024038_4,0
magid_3300024040_9,0
magid_3300024042_9,0
magid_3300024043_10,1
magid_3300024044_9,1
magid_3300024046_13,0
magid_3300024051_8,1
magid_3300024218_8,0
magid_3300024309_7,0
magid_3300025206_3,1
magid_3300025207_3,1
magid_3300025208_4,1
magid_3300025223_1,0
magid_3300025224_7,1
magid_3300025225_7,0
magid_3300025226_8,1
magid_3300025228_8,0
magid_3300025229_12,1
magid_3300025230_23,0
magid_3300025231_8,1
magid_3300025233_2,1
magid_3300025242_10,1
magid_3300025245_6,0
magid_3300025246_10,1
magid_3300025250_13,0
magid_3300025253_20,0
magid_3300025254_18,1
magid_3300025256_8,1
magid_3300025258_9,1
magid_3300025261_9,1
magid_3300025263_8,0
magid_3300025272_13,1
magid_3300025273_6,0
magid_3300025284_8,1
magid_3300025291_6,1
magid_3300025292_16,1
magid_3300025294_22,1
magid_3300025295_8,1
magid_3300025297_18,1
magid_3300025298_7,1
magid_3300025299_9,0
magid_3300025302_13,1
magid_3300025303_12,1
magid_3300025304_21,0
magid_3300025321_4,0
magid_3300025728_13,0
magid_3300025899_10,0
magid_3300025900_12,1
magid_3300025903_13,1
magid_3300025907_11,0
magid_3300025909_17,1
magid_3300025911_10,1
magid_3300025913_49,0
magid_3300025914_34,0
magid_3300025923_17,1
magid_3300025924_32,0
magid_3300025925_21,0
magid_3300025926_9,0
magid_3300025927_13,0
magid_3300025931_20,0
magid_3300025932_7,0
magid_3300025933_20,0
magid_3300025934_11,0
magid_3300025935_13,1
magid_3300025937_6,0
magid_3300025940_31,0
magid_3300025941_28,1
magid_3300025942_17,0
magid_3300025945_11,1
magid_3300025949_25,1
magid_3300025960_7,0
magid_3300025961_25,1
magid_3300025972_16,0
magid_3300025986_35,0
magid_3300026035_7,0
magid_3300026067_9,0
magid_3300026088_27,1
magid_3300026089_19,0
magid_3300026095_23,0
magid_3300026116_40,0
magid_3300026118_21,0
magid_3300026121_15,0
magid_3300026142_16,0
magid_3300026337_2,1
magid_3300026338_1,1
magid_3300026339_3,1
magid_3300026383_5,1
magid_3300026472_10,0
magid_3300026522_23,1
magid_3300026549_80,0
magid_3300026875_2,0
magid_3300027111_6,1
magid_3300027312_8,1
magid_3300027357_5,0
magid_3300027363_3,1
magid_3300027462_1,0
magid_3300027543_1,0
magid_3300027606_15,0
magid_3300027628_4,0
magid_3300027695_2,0
magid_3300027717_4,0
magid_3300027718_45,0
magid_3300027750_6,0
magid_3300027766_8,1
magid_3300027807_17,1
magid_3300027860_13,0
magid_3300027864_14,1
magid_3300027873_9,0
magid_3300027880_7,0
magid_3300027904_36,0
magid_3300027907_20,0
magid_3300027909_43,0
magid_3300027966_6,0
magid_3300028017_2,0
magid_3300028048_107,0
magid_3300028327_22,0
magid_3300028478_3,0
magid_3300028479_4,0
magid_3300028480_3,0
magid_3300028482_4,0
magid_3300028483_8,0
magid_3300028484_5,0
magid_3300028485_8,0
magid_3300028533_3,0
magid_3300028591_32,0
magid_3300028905_11,1
magid_3300028911_9,1
magid_3300028912_5,0
magid_3300028949_4,1
magid_3300028950_1,1
magid_3300028952_1,1
magid_3300028953_4,0
magid_3300028954_2,1
magid_3300028955_3,1
magid_3300028956_4,1
magid_3300028957_6,0
magid_3300028958_4,1
magid_3300028959_10,0
magid_3300028960_6,0
magid_3300028961_3,1
magid_3300028962_3,1
magid_3300028963_8,1
magid_3300028964_9,0
magid_3300028965_7,0
magid_3300028966_3,1
magid_3300028967_3,1
magid_3300028968_10,1
magid_3300028969_6,1
magid_3300028970_7,0
magid_3300028971_8,0
magid_3300028972_3,1
magid_3300028973_1,1
magid_3300028974_3,1
magid_3300028975_2,1
magid_3300028976_4,1
magid_3300028977_6,1
magid_3300028978_2,1
magid_3300028979_4,1
magid_3300028980_2,1
magid_3300028981_3,1
magid_3300028982_4,0
magid_3300028983_2,1
magid_3300028984_4,1
magid_3300028985_5,1
magid_3300028986_2,1
magid_3300028987_5,0
magid_3300028988_3,1
magid_3300028989_3,0
magid_3300028990_9,1
magid_3300028991_2,1
magid_3300028992_5,1
magid_3300028994_7,1
magid_3300028995_6,0
magid_3300028996_5,1
magid_3300028997_8,1
magid_3300028998_2,1
magid_3300028999_2,1
magid_3300029000_6,1
magid_3300029001_4,0
magid_3300029002_6,1
magid_3300029003_3,1
magid_3300029004_6,1
magid_3300029005_2,0
magid_3300029006_4,1
magid_3300029007_8,0
magid_3300029008_8,1
magid_3300029009_6,1
magid_3300029010_9,1
magid_3300029011_3,0
magid_3300029012_6,0
magid_3300029013_6,1
magid_3300029014_3,0
magid_3300029015_5,0
magid_3300029016_3,1
magid_3300029017_6,0
magid_3300029018_3,1
magid_3300029019_5,0
magid_3300029020_8,1
magid_3300029021_12,1
magid_3300029022_4,1
magid_3300029023_7,1
magid_3300029024_12,0
magid_3300029025_3,0
magid_3300029026_4,0
magid_3300029027_12,0
magid_3300029028_11,1
magid_3300029029_4,1
magid_3300029030_11,0
magid_3300029031_8,0
magid_3300029032_5,0
magid_3300029033_16,1
magid_3300029034_10,1
magid_3300029035_4,0
magid_3300029036_8,1
magid_3300029037_4,1
magid_3300029038_8,1
magid_3300029039_7,0
magid_3300029040_3,0
magid_3300029041_9,1
magid_3300029042_18,0
magid_3300029043_11,0
magid_3300029044_14,1
magid_3300029045_6,0
magid_3300029046_10,1
magid_3300029047_11,1
magid_3300029048_11,1
magid_3300029049_7,0
magid_3300029050_7,0
magid_3300029051_8,0
magid_3300029052_7,1
magid_3300029053_9,0
magid_3300029054_5,0
magid_3300029055_3,1
magid_3300029056_8,1
magid_3300029057_14,0
magid_3300029058_20,1
magid_3300029059_10,0
magid_3300029060_4,1
magid_3300029064_1,1
magid_3300029065_1,1
magid_3300029066_3,1
magid_3300029067_3,1
magid_3300029068_5,1
magid_3300029069_3,1
magid_3300029070_7,1
magid_3300029071_2,0
magid_3300029072_3,1
magid_3300029073_4,1
magid_3300029074_10,1
magid_3300029075_2,1
magid_3300029076_5,1
magid_3300029077_2,0
magid_3300029078_7,0
magid_3300029079_5,1
magid_3300029080_5,1
magid_3300029081_6,1
magid_3300029082_6,0
magid_3300029083_3,1
magid_3300029084_3,1
magid_3300029085_3,1
magid_3300029086_4,0
magid_3300029087_7,1
magid_3300029088_4,0
magid_3300029089_8,1
magid_3300029090_5,1
magid_3300029091_7,1
magid_3300029092_13,0
magid_3300029093_6,0
magid_3300029094_5,1
magid_3300029095_14,1
magid_3300029096_9,1
magid_3300029097_6,1
magid_3300029098_13,1
magid_3300029099_4,1
magid_3300029100_14,0
magid_3300029101_20,0
magid_3300029102_11,1
magid_3300029103_12,1
magid_3300029104_7,1
magid_3300029105_7,0
magid_3300029106_17,0
magid_3300029108_8,0
magid_3300029109_12,1
magid_3300029110_4,1
magid_3300029111_8,1
magid_3300029112_12,1
magid_3300029113_20,1
magid_3300029114_8,1
magid_3300029115_18,0
magid_3300029116_18,1
magid_3300029117_17,1
magid_3300029118_17,0
magid_3300029119_19,0
magid_3300029120_18,1
magid_3300029121_14,1
magid_3300029122_17,1
magid_3300029123_23,0
magid_3300029124_11,1
magid_3300029125_18,0
magid_3300029126_13,1
magid_3300029127_3,0
magid_3300029128_5,1
magid_3300029129_19,1
magid_3300029130_20,1
magid_3300029131_22,0
magid_3300029132_20,1
magid_3300029133_19,0
magid_3300029134_11,1
magid_3300029135_16,1
magid_3300029136_30,1
magid_3300029137_4,0
magid_3300029138_2,1
magid_3300029176_4,0
magid_3300029177_6,1
magid_3300029178_4,1
magid_3300029181_6,0
magid_3300029184_3,1
magid_3300029185_10,1
magid_3300029186_11,1
magid_3300029187_14,0
magid_3300029188_9,1
magid_3300029190_12,0
magid_3300029191_5,1
magid_3300029192_8,1
magid_3300029193_6,1
magid_3300029194_10,1
magid_3300029195_11,0
magid_3300029196_14,0
magid_3300029197_11,0
magid_3300029198_16,1
magid_3300029201_13,1
magid_3300029203_9,0
magid_3300029204_13,0
magid_3300029206_8,1
magid_3300029207_8,1
magid_3300029208_8,0
magid_3300029209_7,1
magid_3300029210_9,1
magid_3300029211_10,1
magid_3300029212_4,1
magid_3300029213_9,0
magid_3300029214_13,1
magid_3300029215_9,1
magid_3300029217_9,0
magid_3300029218_10,0
magid_3300029219_13,0
magid_3300029220_14,0
magid_3300029227_9,0
magid_3300029228_6,1
magid_3300029229_11,1
magid_3300029230_20,1
magid_3300029231_13,1
magid_3300029232_6,0
magid_3300029234_5,1
magid_3300029235_18,0
magid_3300029236_19,1
magid_3300029237_20,1
magid_3300029238_11,1
magid_3300029240_22,0
magid_3300029241_5,1
magid_3300029243_23,0
magid_3300029244_9,0
magid_3300029245_37,0
magid_3300029246_8,1
magid_3300029247_7,1
magid_3300029248_17,0
magid_3300029249_20,0
magid_3300029250_12,1
magid_3300029251_19,0
magid_3300029253_12,0
magid_3300029254_9,0
magid_3300029256_14,0
magid_3300029257_12,1
magid_3300029292_14,0
magid_3300029295_21,1
magid_3300029297_5,1
magid_3300029303_21,1
magid_3300029307_5,1
magid_3300029310_15,1
magid_3300029312_1,1
magid_3300029313_8,0
magid_3300029315_18,1
magid_3300029316_22,0
magid_3300029320_13,1
magid_3300029321_10,0
magid_3300029322_6,1
magid_3300029323_5,0
magid_3300029324_12,1
magid_3300029325_8,1
magid_3300029326_12,0
magid_3300029328_6,1
magid_3300029329_24,1
magid_3300029330_21,1
magid_3300029331_20,0
magid_3300029332_8,1
magid_3300029333_24,1
magid_3300029334_16,1
magid_3300029335_7,0
magid_3300029336_33,1
magid_3300029337_28,1
magid_3300029338_9,1
magid_3300029339_22,0
magid_3300029340_25,0
magid_3300029341_16,1
magid_3300029342_21,0
magid_3300029343_18,0
magid_3300029346_9,1
magid_3300029348_10,0
magid_3300029350_5,0
magid_3300029351_3,1
magid_3300029352_6,1
magid_3300029353_8,0
magid_3300029354_14,1
magid_3300029355_11,1
magid_3300029356_18,1
magid_3300029357_11,1
magid_3300029358_7,0
magid_3300029359_7,0
magid_3300029360_10,0
magid_3300029361_14,1
magid_3300029362_33,0
magid_3300029363_7,0
magid_3300029364_20,1
magid_3300029365_17,0
magid_3300029366_4,1
magid_3300029367_6,1
magid_3300029368_11,1
magid_3300029369_7,1
magid_3300029370_4,1
magid_3300029371_10,1
magid_3300029372_21,1
magid_3300029373_22,1
magid_3300029374_23,1
magid_3300029375_30,1
magid_3300029376_22,1
magid_3300029377_13,1
magid_3300029378_16,1
magid_3300029379_19,1
magid_3300029380_18,0
magid_3300029381_30,0
magid_3300029382_18,1
magid_3300029383_7,1
magid_3300029384_9,1
magid_3300029385_22,0
magid_3300029386_22,1
magid_3300029387_12,1
magid_3300029388_20,0
magid_3300029389_13,0
magid_3300029390_17,0
magid_3300029391_18,1
magid_3300029392_18,1
magid_3300029393_15,1
magid_3300029394_21,0
magid_3300029395_20,0
magid_3300029396_6,1
magid_3300029398_8,1
magid_3300029399_7,1
magid_3300029400_14,0
magid_3300029401_13,1
magid_3300029402_13,1
magid_3300029403_9,0
magid_3300029404_24,0
magid_3300029405_13,1
magid_3300029406_4,1
magid_3300029407_12,1
magid_3300029408_6,1
magid_3300029409_15,1
magid_3300029410_18,0
magid_3300029411_22,1
magid_3300029412_21,0
magid_3300029413_8,0
magid_3300029414_15,1
magid_3300029415_12,0
magid_3300029416_19,1
magid_3300029417_7,1
magid_3300029418_14,1
magid_3300029419_18,1
magid_3300029420_21,0
magid_3300029421_20,0
magid_3300029422_21,1
magid_3300029423_9,0
magid_3300029424_17,0
magid_3300029425_19,1
magid_3300029426_5,0
magid_3300029427_15,1
magid_3300029428_9,1
magid_3300029430_12,1
magid_3300029431_7,0
magid_3300029432_16,1
magid_3300029433_12,1
magid_3300029434_20,1
magid_3300029435_12,1
magid_3300029436_17,0
magid_3300029437_8,1
magid_3300029438_18,1
magid_3300029439_18,0
magid_3300029441_26,0
magid_3300029443_20,1
magid_3300029444_12,1
magid_3300029445_19,1
magid_3300029447_32,1
magid_3300029450_3,1
magid_3300029451_3,0
magid_3300029452_6,1
magid_3300029453_8,1
magid_3300029454_7,1
magid_3300029455_5,1
magid_3300029456_17,0
magid_3300029457_11,1
magid_3300029458_9,1
magid_3300029459_12,1
magid_3300029460_6,0
magid_3300029461_9,0
magid_3300029462_7,0
magid_3300029463_9,1
magid_3300029464_4,1
magid_3300029465_14,0
magid_3300029466_9,1
magid_3300029467_17,1
magid_3300029468_7,1
magid_3300029469_13,0
magid_3300029470_9,0
magid_3300029471_11,1
magid_3300029472_15,1
magid_3300029473_13,1
magid_3300029474_12,0
magid_3300029475_14,1
magid_3300029476_11,0
magid_3300029477_12,1
magid_3300029478_8,1
magid_3300029479_11,1
magid_3300029480_10,0
magid_3300029481_15,1
magid_3300029482_20,0
magid_3300029483_14,0
magid_3300029484_6,0
magid_3300029485_13,0
magid_3300029486_12,1
magid_3300029487_11,1
magid_3300029488_21,1
magid_3300029489_13,1
magid_3300029490_6,1
magid_3300029491_16,0
magid_3300029492_19,1
magid_3300029493_14,0
magid_3300029494_22,1
magid_3300029495_13,0
magid_3300029496_13,1
magid_3300029497_5,1
magid_3300029498_3,1
magid_3300029499_5,1
magid_3300029500_8,0
magid_3300029501_11,1
magid_3300029502_13,1
magid_3300029503_8,1
magid_3300029504_4,1
magid_3300029505_10,1
magid_3300029506_5,0
magid_3300029507_10,0
magid_3300029508_17,1
magid_3300029509_8,0
magid_3300029510_18,0
magid_3300029511_5,1
magid_3300029512_14,0
magid_3300029513_15,0
magid_3300029514_14,1
magid_3300029515_7,0
magid_3300029516_8,1
magid_3300029517_16,1
magid_3300029518_9,1
magid_3300029519_10,1
magid_3300029520_19,1
magid_3300029521_10,1
magid_3300029522_13,0
magid_3300029523_24,1
magid_3300029524_24,1
magid_3300029525_8,0
magid_3300029526_8,0
magid_3300029527_11,1
magid_3300029528_8,1
magid_3300029529_10,0
magid_3300029530_9,0
magid_3300029531_7,0
magid_3300029532_12,1
magid_3300029533_10,1
magid_3300029534_6,1
magid_3300029535_14,1
magid_3300029536_17,1
magid_3300029537_16,1
magid_3300029538_6,0
magid_3300029539_8,1
magid_3300029540_13,1
magid_3300029541_11,0
magid_3300029542_5,1
magid_3300029543_13,0
magid_3300029544_9,0
magid_3300029545_11,0
magid_3300029546_15,1
magid_3300029547_8,1
magid_3300029548_21,0
magid_3300029549_19,0
magid_3300029550_8,0
magid_3300029551_5,0
magid_3300029552_8,1
magid_3300029553_18,1
magid_3300029554_21,0
magid_3300029555_11,1
magid_3300029556_29,1
magid_3300029557_10,0
magid_3300029558_14,0
magid_3300029559_18,1
magid_3300029560_7,0
magid_3300029561_16,1
magid_3300029562_23,0
magid_3300029563_21,0
magid_3300029564_13,1
magid_3300029565_20,0
magid_3300029566_26,1
magid_3300029567_19,1
magid_3300029570_20,0
magid_3300029571_8,1
magid_3300029572_22,0
magid_3300029573_24,1
magid_3300029574_21,1
magid_3300029575_19,1
magid_3300029576_18,0
magid_3300029577_12,0
magid_3300029578_15,1
magid_3300029579_11,1
magid_3300029580_20,0
magid_3300029581_12,0
magid_3300029582_18,1
magid_3300029583_6,0
magid_3300029584_25,1
magid_3300029586_8,0
magid_3300029587_25,1
magid_3300029588_7,1
magid_3300029589_35,1
magid_3300029590_28,1
magid_3300029592_9,1
magid_3300029593_7,1
magid_3300029594_19,1
magid_3300029595_14,1
magid_3300029603_16,0
magid_3300029604_13,1
magid_3300029605_11,1
magid_3300029606_11,0
magid_3300029607_19,1
magid_3300029608_20,0
magid_3300029609_26,0
magid_3300029610_19,1
magid_3300029611_18,1
magid_3300029612_18,1
magid_3300029613_33,0
magid_3300029614_17,1
magid_3300029615_12,0
magid_3300029616_11,0
magid_3300029617_31,0
magid_3300029618_13,1
magid_3300029619_9,1
magid_3300029620_20,1
magid_3300029621_23,1
magid_3300029622_30,0
magid_3300029623_33,1
magid_3300029633_7,1
magid_3300029634_11,1
magid_3300029641_5,1
magid_3300029643_11,1
magid_3300029647_9,0
magid_3300029650_12,0
magid_3300029653_6,1
magid_3300029656_20,0
magid_3300029660_10,1
magid_3300029661_25,0
magid_3300029664_9,1
magid_3300029665_5,1
magid_3300029668_18,0
magid_3300029669_12,0
magid_3300029671_12,1
magid_3300029672_18,1
magid_3300029675_11,1
magid_3300029676_15,1
magid_3300029678_18,1
magid_3300029679_12,0
magid_3300029681_6,0
magid_3300029682_10,1
magid_3300029684_27,1
magid_3300029686_24,1
magid_3300029688_16,1
magid_3300029690_13,0
magid_3300029692_12,1
magid_3300029694_9,1
magid_3300029696_20,1
magid_3300029698_26,0
magid_3300029700_7,1
magid_3300029702_17,1
magid_3300029703_11,0
magid_3300029704_23,1
magid_3300029706_21,1
magid_3300029707_15,1
magid_3300029708_25,0
magid_3300029709_20,1
magid_3300029710_21,0
magid_3300029711_19,1
magid_3300029712_18,0
magid_3300029713_33,1
magid_3300029714_14,1
magid_3300029715_30,1
magid_3300029716_9,1
magid_3300029717_33,1
magid_3300029718_20,0
magid_3300029719_26,0
magid_3300029720_10,1
magid_3300029721_6,1
magid_3300029722_8,0
magid_3300029723_6,1
magid_3300029724_8,1
magid_3300029725_19,1
magid_3300029726_17,0
magid_3300029727_16,0
magid_3300029728_9,1
magid_3300029729_26,0
magid_3300029730_8,1
magid_3300029731_20,1
magid_3300029732_22,1
magid_3300029733_12,0
magid_3300029734_26,1
magid_3300029735_4,1
magid_3300029736_8,1
magid_3300029737_12,1
magid_3300029738_23,1
magid_3300029739_29,1
magid_3300029740_12,1
magid_3300029741_32,0
magid_3300029742_7,1
magid_3300029743_24,0
magid_3300029744_20,1
magid_3300029745_23,1
magid_3300029746_23,1
magid_3300029747_19,1
magid_3300029748_27,1
magid_3300029749_29,1
magid_3300029750_5,0
magid_3300029751_10,0
magid_3300029752_18,1
magid_3300029754_18,1
magid_3300029755_14,0
magid_3300029756_15,0
magid_3300029757_14,0
magid_3300029758_14,1
magid_3300029759_13,1
magid_3300029760_6,1
magid_3300029761_18,1
magid_3300029762_9,0
magid_3300029763_16,1
magid_3300029764_6,1
magid_3300029765_17,0
magid_3300029766_18,1
magid_3300029767_16,1
magid_3300029768_21,0
magid_3300029769_20,1
magid_3300029770_29,0
magid_3300029771_7,1
magid_3300029772_21,1
magid_3300029773_7,0
magid_3300029774_9,1
magid_3300029776_12,1
magid_3300029777_19,1
magid_3300029778_19,1
magid_3300029779_9,1
magid_3300029780_7,1
magid_3300029782_6,1
magid_3300029783_8,1
magid_3300029784_7,1
magid_3300029785_7,0
magid_3300029786_12,1
magid_3300029788_17,1
magid_3300029789_12,1
magid_3300029790_21,1
magid_3300029791_16,1
magid_3300029793_24,0
magid_3300029794_30,1
magid_3300029795_28,1
magid_3300029796_28,1
magid_3300029814_17,0
magid_3300029815_34,1
magid_3300029816_6,1
magid_3300029819_19,1
magid_3300029820_35,0
magid_3300029828_26,1
magid_3300029830_20,1
magid_3300029839_20,0
magid_3300029840_18,1
magid_3300029841_11,0
magid_3300029842_30,1
magid_3300029843_14,1
magid_3300029844_20,0
magid_3300029845_27,1
magid_3300029846_26,1
magid_3300029847_29,1
magid_3300029848_18,0
magid_3300029849_4,1
magid_3300029850_9,1
magid_3300029851_20,1
magid_3300029852_8,1
magid_3300029853_21,0
magid_3300029854_6,1
magid_3300029855_27,1
magid_3300029856_26,1
magid_3300029857_25,0
magid_3300029858_5,1
magid_3300029859_25,1
magid_3300029860_30,0
magid_3300029861_7,1
magid_3300029862_13,0
magid_3300029870_10,1
magid_3300029871_25,1
magid_3300029872_22,1
magid_3300029873_29,1
magid_3300029874_19,1
magid_3300029875_25,0
magid_3300029876_17,1
magid_3300029877_8,1
magid_3300029878_20,1
magid_3300029880_20,1
magid_3300029881_22,1
magid_3300029884_20,0
magid_3300029885_5,1
magid_3300029886_5,1
magid_3300029887_22,0
magid_3300029888_11,1
magid_3300029934_8,0
